case	fixture	source	destination	inputBounds	kind	index	ah	av	lh	lv	rh	rv
grid-source-is-bounds	grid	100,300,400,100	130,350,450,290,70,80,370,130	100,300,400,100	S	0	100	100	100	100	100	100
grid-source-is-bounds	grid	100,300,400,100	130,350,450,290,70,80,370,130	100,300,400,100	S	1	150	100	150	100	150	100
grid-source-is-bounds	grid	100,300,400,100	130,350,450,290,70,80,370,130	100,300,400,100	S	2	210	100	210	100	210	100
grid-source-is-bounds	grid	100,300,400,100	130,350,450,290,70,80,370,130	100,300,400,100	S	3	260	100	260	100	260	100
grid-source-is-bounds	grid	100,300,400,100	130,350,450,290,70,80,370,130	100,300,400,100	S	4	330	100	330	100	330	100
grid-source-is-bounds	grid	100,300,400,100	130,350,450,290,70,80,370,130	100,300,400,100	S	5	400	100	400	100	400	100
grid-source-is-bounds	grid	100,300,400,100	130,350,450,290,70,80,370,130	100,300,400,100	S	6	400	140	400	140	400	140
grid-source-is-bounds	grid	100,300,400,100	130,350,450,290,70,80,370,130	100,300,400,100	S	7	330	140	330	140	330	140
grid-source-is-bounds	grid	100,300,400,100	130,350,450,290,70,80,370,130	100,300,400,100	S	8	260	140	260	140	260	140
grid-source-is-bounds	grid	100,300,400,100	130,350,450,290,70,80,370,130	100,300,400,100	S	9	210	140	210	140	210	140
grid-source-is-bounds	grid	100,300,400,100	130,350,450,290,70,80,370,130	100,300,400,100	S	10	150	140	150	140	150	140
grid-source-is-bounds	grid	100,300,400,100	130,350,450,290,70,80,370,130	100,300,400,100	S	11	100	140	100	140	100	140
grid-source-is-bounds	grid	100,300,400,100	130,350,450,290,70,80,370,130	100,300,400,100	S	12	100	190	100	190	100	190
grid-source-is-bounds	grid	100,300,400,100	130,350,450,290,70,80,370,130	100,300,400,100	S	13	150	190	150	190	150	190
grid-source-is-bounds	grid	100,300,400,100	130,350,450,290,70,80,370,130	100,300,400,100	S	14	210	190	210	190	210	190
grid-source-is-bounds	grid	100,300,400,100	130,350,450,290,70,80,370,130	100,300,400,100	S	15	260	190	260	190	260	190
grid-source-is-bounds	grid	100,300,400,100	130,350,450,290,70,80,370,130	100,300,400,100	S	16	330	190	330	190	330	190
grid-source-is-bounds	grid	100,300,400,100	130,350,450,290,70,80,370,130	100,300,400,100	S	17	400	190	400	190	400	190
grid-source-is-bounds	grid	100,300,400,100	130,350,450,290,70,80,370,130	100,300,400,100	S	18	400	250	400	250	400	250
grid-source-is-bounds	grid	100,300,400,100	130,350,450,290,70,80,370,130	100,300,400,100	S	19	330	250	330	250	330	250
grid-source-is-bounds	grid	100,300,400,100	130,350,450,290,70,80,370,130	100,300,400,100	S	20	260	250	260	250	260	250
grid-source-is-bounds	grid	100,300,400,100	130,350,450,290,70,80,370,130	100,300,400,100	S	21	210	250	210	250	210	250
grid-source-is-bounds	grid	100,300,400,100	130,350,450,290,70,80,370,130	100,300,400,100	S	22	150	250	150	250	150	250
grid-source-is-bounds	grid	100,300,400,100	130,350,450,290,70,80,370,130	100,300,400,100	S	23	100	250	100	250	100	250
grid-source-is-bounds	grid	100,300,400,100	130,350,450,290,70,80,370,130	100,300,400,100	S	24	100	300	100	300	100	300
grid-source-is-bounds	grid	100,300,400,100	130,350,450,290,70,80,370,130	100,300,400,100	S	25	150	300	150	300	150	300
grid-source-is-bounds	grid	100,300,400,100	130,350,450,290,70,80,370,130	100,300,400,100	S	26	210	300	210	300	210	300
grid-source-is-bounds	grid	100,300,400,100	130,350,450,290,70,80,370,130	100,300,400,100	S	27	260	300	260	300	260	300
grid-source-is-bounds	grid	100,300,400,100	130,350,450,290,70,80,370,130	100,300,400,100	S	28	330	300	330	300	330	300
grid-source-is-bounds	grid	100,300,400,100	130,350,450,290,70,80,370,130	100,300,400,100	S	29	400	300	400	300	400	300
grid-source-is-bounds	grid	100,300,400,100	130,350,450,290,70,80,370,130	100,300,400,100	R	0	70	80	70	80	70	80
grid-source-is-bounds	grid	100,300,400,100	130,350,450,290,70,80,370,130	100,300,400,100	R	1	120	88.333333333	120	88.333333333	120	88.333333333
grid-source-is-bounds	grid	100,300,400,100	130,350,450,290,70,80,370,130	100,300,400,100	R	2	180	98.333333333	180	98.333333333	180	98.333333333
grid-source-is-bounds	grid	100,300,400,100	130,350,450,290,70,80,370,130	100,300,400,100	R	3	230	106.666666667	230	106.666666667	230	106.666666667
grid-source-is-bounds	grid	100,300,400,100	130,350,450,290,70,80,370,130	100,300,400,100	R	4	300	118.333333333	300	118.333333333	300	118.333333333
grid-source-is-bounds	grid	100,300,400,100	130,350,450,290,70,80,370,130	100,300,400,100	R	5	370	130	370	130	370	130
grid-source-is-bounds	grid	100,300,400,100	130,350,450,290,70,80,370,130	100,300,400,100	R	6	386	162	386	162	386	162
grid-source-is-bounds	grid	100,300,400,100	130,350,450,290,70,80,370,130	100,300,400,100	R	7	315.066666667	155.466666667	315.066666667	155.466666667	315.066666667	155.466666667
grid-source-is-bounds	grid	100,300,400,100	130,350,450,290,70,80,370,130	100,300,400,100	R	8	244.133333333	148.933333333	244.133333333	148.933333333	244.133333333	148.933333333
grid-source-is-bounds	grid	100,300,400,100	130,350,450,290,70,80,370,130	100,300,400,100	R	9	193.466666667	144.266666667	193.466666667	144.266666667	193.466666667	144.266666667
grid-source-is-bounds	grid	100,300,400,100	130,350,450,290,70,80,370,130	100,300,400,100	R	10	132.666666667	138.666666667	132.666666667	138.666666667	132.666666667	138.666666667
grid-source-is-bounds	grid	100,300,400,100	130,350,450,290,70,80,370,130	100,300,400,100	R	11	82	134	82	134	82	134
grid-source-is-bounds	grid	100,300,400,100	130,350,450,290,70,80,370,130	100,300,400,100	R	12	97	201.5	97	201.5	97	201.5
grid-source-is-bounds	grid	100,300,400,100	130,350,450,290,70,80,370,130	100,300,400,100	R	13	148.5	201.583333333	148.5	201.583333333	148.5	201.583333333
grid-source-is-bounds	grid	100,300,400,100	130,350,450,290,70,80,370,130	100,300,400,100	R	14	210.3	201.683333333	210.3	201.683333333	210.3	201.683333333
grid-source-is-bounds	grid	100,300,400,100	130,350,450,290,70,80,370,130	100,300,400,100	R	15	261.8	201.766666667	261.8	201.766666667	261.8	201.766666667
grid-source-is-bounds	grid	100,300,400,100	130,350,450,290,70,80,370,130	100,300,400,100	R	16	333.9	201.883333333	333.9	201.883333333	333.9	201.883333333
grid-source-is-bounds	grid	100,300,400,100	130,350,450,290,70,80,370,130	100,300,400,100	R	17	406	202	406	202	406	202
grid-source-is-bounds	grid	100,300,400,100	130,350,450,290,70,80,370,130	100,300,400,100	R	18	430	250	430	250	430	250
grid-source-is-bounds	grid	100,300,400,100	130,350,450,290,70,80,370,130	100,300,400,100	R	19	356.5	257.583333333	356.5	257.583333333	356.5	257.583333333
grid-source-is-bounds	grid	100,300,400,100	130,350,450,290,70,80,370,130	100,300,400,100	R	20	283	265.166666667	283	265.166666667	283	265.166666667
grid-source-is-bounds	grid	100,300,400,100	130,350,450,290,70,80,370,130	100,300,400,100	R	21	230.5	270.583333333	230.5	270.583333333	230.5	270.583333333
grid-source-is-bounds	grid	100,300,400,100	130,350,450,290,70,80,370,130	100,300,400,100	R	22	167.5	277.083333333	167.5	277.083333333	167.5	277.083333333
grid-source-is-bounds	grid	100,300,400,100	130,350,450,290,70,80,370,130	100,300,400,100	R	23	115	282.5	115	282.5	115	282.5
grid-source-is-bounds	grid	100,300,400,100	130,350,450,290,70,80,370,130	100,300,400,100	R	24	130	350	130	350	130	350
grid-source-is-bounds	grid	100,300,400,100	130,350,450,290,70,80,370,130	100,300,400,100	R	25	183.333333333	340	183.333333333	340	183.333333333	340
grid-source-is-bounds	grid	100,300,400,100	130,350,450,290,70,80,370,130	100,300,400,100	R	26	247.333333333	328	247.333333333	328	247.333333333	328
grid-source-is-bounds	grid	100,300,400,100	130,350,450,290,70,80,370,130	100,300,400,100	R	27	300.666666667	318	300.666666667	318	300.666666667	318
grid-source-is-bounds	grid	100,300,400,100	130,350,450,290,70,80,370,130	100,300,400,100	R	28	375.333333333	304	375.333333333	304	375.333333333	304
grid-source-is-bounds	grid	100,300,400,100	130,350,450,290,70,80,370,130	100,300,400,100	R	29	450	290	450	290	450	290
grid-parallelogram	grid	100,300,400,100	140,300,440,300,60,100,360,100	100,300,400,100	S	0	100	100	100	100	100	100
grid-parallelogram	grid	100,300,400,100	140,300,440,300,60,100,360,100	100,300,400,100	S	1	150	100	150	100	150	100
grid-parallelogram	grid	100,300,400,100	140,300,440,300,60,100,360,100	100,300,400,100	S	2	210	100	210	100	210	100
grid-parallelogram	grid	100,300,400,100	140,300,440,300,60,100,360,100	100,300,400,100	S	3	260	100	260	100	260	100
grid-parallelogram	grid	100,300,400,100	140,300,440,300,60,100,360,100	100,300,400,100	S	4	330	100	330	100	330	100
grid-parallelogram	grid	100,300,400,100	140,300,440,300,60,100,360,100	100,300,400,100	S	5	400	100	400	100	400	100
grid-parallelogram	grid	100,300,400,100	140,300,440,300,60,100,360,100	100,300,400,100	S	6	400	140	400	140	400	140
grid-parallelogram	grid	100,300,400,100	140,300,440,300,60,100,360,100	100,300,400,100	S	7	330	140	330	140	330	140
grid-parallelogram	grid	100,300,400,100	140,300,440,300,60,100,360,100	100,300,400,100	S	8	260	140	260	140	260	140
grid-parallelogram	grid	100,300,400,100	140,300,440,300,60,100,360,100	100,300,400,100	S	9	210	140	210	140	210	140
grid-parallelogram	grid	100,300,400,100	140,300,440,300,60,100,360,100	100,300,400,100	S	10	150	140	150	140	150	140
grid-parallelogram	grid	100,300,400,100	140,300,440,300,60,100,360,100	100,300,400,100	S	11	100	140	100	140	100	140
grid-parallelogram	grid	100,300,400,100	140,300,440,300,60,100,360,100	100,300,400,100	S	12	100	190	100	190	100	190
grid-parallelogram	grid	100,300,400,100	140,300,440,300,60,100,360,100	100,300,400,100	S	13	150	190	150	190	150	190
grid-parallelogram	grid	100,300,400,100	140,300,440,300,60,100,360,100	100,300,400,100	S	14	210	190	210	190	210	190
grid-parallelogram	grid	100,300,400,100	140,300,440,300,60,100,360,100	100,300,400,100	S	15	260	190	260	190	260	190
grid-parallelogram	grid	100,300,400,100	140,300,440,300,60,100,360,100	100,300,400,100	S	16	330	190	330	190	330	190
grid-parallelogram	grid	100,300,400,100	140,300,440,300,60,100,360,100	100,300,400,100	S	17	400	190	400	190	400	190
grid-parallelogram	grid	100,300,400,100	140,300,440,300,60,100,360,100	100,300,400,100	S	18	400	250	400	250	400	250
grid-parallelogram	grid	100,300,400,100	140,300,440,300,60,100,360,100	100,300,400,100	S	19	330	250	330	250	330	250
grid-parallelogram	grid	100,300,400,100	140,300,440,300,60,100,360,100	100,300,400,100	S	20	260	250	260	250	260	250
grid-parallelogram	grid	100,300,400,100	140,300,440,300,60,100,360,100	100,300,400,100	S	21	210	250	210	250	210	250
grid-parallelogram	grid	100,300,400,100	140,300,440,300,60,100,360,100	100,300,400,100	S	22	150	250	150	250	150	250
grid-parallelogram	grid	100,300,400,100	140,300,440,300,60,100,360,100	100,300,400,100	S	23	100	250	100	250	100	250
grid-parallelogram	grid	100,300,400,100	140,300,440,300,60,100,360,100	100,300,400,100	S	24	100	300	100	300	100	300
grid-parallelogram	grid	100,300,400,100	140,300,440,300,60,100,360,100	100,300,400,100	S	25	150	300	150	300	150	300
grid-parallelogram	grid	100,300,400,100	140,300,440,300,60,100,360,100	100,300,400,100	S	26	210	300	210	300	210	300
grid-parallelogram	grid	100,300,400,100	140,300,440,300,60,100,360,100	100,300,400,100	S	27	260	300	260	300	260	300
grid-parallelogram	grid	100,300,400,100	140,300,440,300,60,100,360,100	100,300,400,100	S	28	330	300	330	300	330	300
grid-parallelogram	grid	100,300,400,100	140,300,440,300,60,100,360,100	100,300,400,100	S	29	400	300	400	300	400	300
grid-parallelogram	grid	100,300,400,100	140,300,440,300,60,100,360,100	100,300,400,100	R	0	60	100	60	100	60	100
grid-parallelogram	grid	100,300,400,100	140,300,440,300,60,100,360,100	100,300,400,100	R	1	110	100	110	100	110	100
grid-parallelogram	grid	100,300,400,100	140,300,440,300,60,100,360,100	100,300,400,100	R	2	170	100	170	100	170	100
grid-parallelogram	grid	100,300,400,100	140,300,440,300,60,100,360,100	100,300,400,100	R	3	220	100	220	100	220	100
grid-parallelogram	grid	100,300,400,100	140,300,440,300,60,100,360,100	100,300,400,100	R	4	290	100	290	100	290	100
grid-parallelogram	grid	100,300,400,100	140,300,440,300,60,100,360,100	100,300,400,100	R	5	360	100	360	100	360	100
grid-parallelogram	grid	100,300,400,100	140,300,440,300,60,100,360,100	100,300,400,100	R	6	376	140	376	140	376	140
grid-parallelogram	grid	100,300,400,100	140,300,440,300,60,100,360,100	100,300,400,100	R	7	306	140	306	140	306	140
grid-parallelogram	grid	100,300,400,100	140,300,440,300,60,100,360,100	100,300,400,100	R	8	236	140	236	140	236	140
grid-parallelogram	grid	100,300,400,100	140,300,440,300,60,100,360,100	100,300,400,100	R	9	186	140	186	140	186	140
grid-parallelogram	grid	100,300,400,100	140,300,440,300,60,100,360,100	100,300,400,100	R	10	126	140	126	140	126	140
grid-parallelogram	grid	100,300,400,100	140,300,440,300,60,100,360,100	100,300,400,100	R	11	76	140	76	140	76	140
grid-parallelogram	grid	100,300,400,100	140,300,440,300,60,100,360,100	100,300,400,100	R	12	96	190	96	190	96	190
grid-parallelogram	grid	100,300,400,100	140,300,440,300,60,100,360,100	100,300,400,100	R	13	146	190	146	190	146	190
grid-parallelogram	grid	100,300,400,100	140,300,440,300,60,100,360,100	100,300,400,100	R	14	206	190	206	190	206	190
grid-parallelogram	grid	100,300,400,100	140,300,440,300,60,100,360,100	100,300,400,100	R	15	256	190	256	190	256	190
grid-parallelogram	grid	100,300,400,100	140,300,440,300,60,100,360,100	100,300,400,100	R	16	326	190	326	190	326	190
grid-parallelogram	grid	100,300,400,100	140,300,440,300,60,100,360,100	100,300,400,100	R	17	396	190	396	190	396	190
grid-parallelogram	grid	100,300,400,100	140,300,440,300,60,100,360,100	100,300,400,100	R	18	420	250	420	250	420	250
grid-parallelogram	grid	100,300,400,100	140,300,440,300,60,100,360,100	100,300,400,100	R	19	350	250	350	250	350	250
grid-parallelogram	grid	100,300,400,100	140,300,440,300,60,100,360,100	100,300,400,100	R	20	280	250	280	250	280	250
grid-parallelogram	grid	100,300,400,100	140,300,440,300,60,100,360,100	100,300,400,100	R	21	230	250	230	250	230	250
grid-parallelogram	grid	100,300,400,100	140,300,440,300,60,100,360,100	100,300,400,100	R	22	170	250	170	250	170	250
grid-parallelogram	grid	100,300,400,100	140,300,440,300,60,100,360,100	100,300,400,100	R	23	120	250	120	250	120	250
grid-parallelogram	grid	100,300,400,100	140,300,440,300,60,100,360,100	100,300,400,100	R	24	140	300	140	300	140	300
grid-parallelogram	grid	100,300,400,100	140,300,440,300,60,100,360,100	100,300,400,100	R	25	190	300	190	300	190	300
grid-parallelogram	grid	100,300,400,100	140,300,440,300,60,100,360,100	100,300,400,100	R	26	250	300	250	300	250	300
grid-parallelogram	grid	100,300,400,100	140,300,440,300,60,100,360,100	100,300,400,100	R	27	300	300	300	300	300	300
grid-parallelogram	grid	100,300,400,100	140,300,440,300,60,100,360,100	100,300,400,100	R	28	370	300	370	300	370	300
grid-parallelogram	grid	100,300,400,100	140,300,440,300,60,100,360,100	100,300,400,100	R	29	440	300	440	300	440	300
grid-trapezoid	grid	100,300,400,100	160,300,340,300,100,100,400,100	100,300,400,100	S	0	100	100	100	100	100	100
grid-trapezoid	grid	100,300,400,100	160,300,340,300,100,100,400,100	100,300,400,100	S	1	150	100	150	100	150	100
grid-trapezoid	grid	100,300,400,100	160,300,340,300,100,100,400,100	100,300,400,100	S	2	210	100	210	100	210	100
grid-trapezoid	grid	100,300,400,100	160,300,340,300,100,100,400,100	100,300,400,100	S	3	260	100	260	100	260	100
grid-trapezoid	grid	100,300,400,100	160,300,340,300,100,100,400,100	100,300,400,100	S	4	330	100	330	100	330	100
grid-trapezoid	grid	100,300,400,100	160,300,340,300,100,100,400,100	100,300,400,100	S	5	400	100	400	100	400	100
grid-trapezoid	grid	100,300,400,100	160,300,340,300,100,100,400,100	100,300,400,100	S	6	400	140	400	140	400	140
grid-trapezoid	grid	100,300,400,100	160,300,340,300,100,100,400,100	100,300,400,100	S	7	330	140	330	140	330	140
grid-trapezoid	grid	100,300,400,100	160,300,340,300,100,100,400,100	100,300,400,100	S	8	260	140	260	140	260	140
grid-trapezoid	grid	100,300,400,100	160,300,340,300,100,100,400,100	100,300,400,100	S	9	210	140	210	140	210	140
grid-trapezoid	grid	100,300,400,100	160,300,340,300,100,100,400,100	100,300,400,100	S	10	150	140	150	140	150	140
grid-trapezoid	grid	100,300,400,100	160,300,340,300,100,100,400,100	100,300,400,100	S	11	100	140	100	140	100	140
grid-trapezoid	grid	100,300,400,100	160,300,340,300,100,100,400,100	100,300,400,100	S	12	100	190	100	190	100	190
grid-trapezoid	grid	100,300,400,100	160,300,340,300,100,100,400,100	100,300,400,100	S	13	150	190	150	190	150	190
grid-trapezoid	grid	100,300,400,100	160,300,340,300,100,100,400,100	100,300,400,100	S	14	210	190	210	190	210	190
grid-trapezoid	grid	100,300,400,100	160,300,340,300,100,100,400,100	100,300,400,100	S	15	260	190	260	190	260	190
grid-trapezoid	grid	100,300,400,100	160,300,340,300,100,100,400,100	100,300,400,100	S	16	330	190	330	190	330	190
grid-trapezoid	grid	100,300,400,100	160,300,340,300,100,100,400,100	100,300,400,100	S	17	400	190	400	190	400	190
grid-trapezoid	grid	100,300,400,100	160,300,340,300,100,100,400,100	100,300,400,100	S	18	400	250	400	250	400	250
grid-trapezoid	grid	100,300,400,100	160,300,340,300,100,100,400,100	100,300,400,100	S	19	330	250	330	250	330	250
grid-trapezoid	grid	100,300,400,100	160,300,340,300,100,100,400,100	100,300,400,100	S	20	260	250	260	250	260	250
grid-trapezoid	grid	100,300,400,100	160,300,340,300,100,100,400,100	100,300,400,100	S	21	210	250	210	250	210	250
grid-trapezoid	grid	100,300,400,100	160,300,340,300,100,100,400,100	100,300,400,100	S	22	150	250	150	250	150	250
grid-trapezoid	grid	100,300,400,100	160,300,340,300,100,100,400,100	100,300,400,100	S	23	100	250	100	250	100	250
grid-trapezoid	grid	100,300,400,100	160,300,340,300,100,100,400,100	100,300,400,100	S	24	100	300	100	300	100	300
grid-trapezoid	grid	100,300,400,100	160,300,340,300,100,100,400,100	100,300,400,100	S	25	150	300	150	300	150	300
grid-trapezoid	grid	100,300,400,100	160,300,340,300,100,100,400,100	100,300,400,100	S	26	210	300	210	300	210	300
grid-trapezoid	grid	100,300,400,100	160,300,340,300,100,100,400,100	100,300,400,100	S	27	260	300	260	300	260	300
grid-trapezoid	grid	100,300,400,100	160,300,340,300,100,100,400,100	100,300,400,100	S	28	330	300	330	300	330	300
grid-trapezoid	grid	100,300,400,100	160,300,340,300,100,100,400,100	100,300,400,100	S	29	400	300	400	300	400	300
grid-trapezoid	grid	100,300,400,100	160,300,340,300,100,100,400,100	100,300,400,100	R	0	100	100	100	100	100	100
grid-trapezoid	grid	100,300,400,100	160,300,340,300,100,100,400,100	100,300,400,100	R	1	150	100	150	100	150	100
grid-trapezoid	grid	100,300,400,100	160,300,340,300,100,100,400,100	100,300,400,100	R	2	210	100	210	100	210	100
grid-trapezoid	grid	100,300,400,100	160,300,340,300,100,100,400,100	100,300,400,100	R	3	260	100	260	100	260	100
grid-trapezoid	grid	100,300,400,100	160,300,340,300,100,100,400,100	100,300,400,100	R	4	330	100	330	100	330	100
grid-trapezoid	grid	100,300,400,100	160,300,340,300,100,100,400,100	100,300,400,100	R	5	400	100	400	100	400	100
grid-trapezoid	grid	100,300,400,100	160,300,340,300,100,100,400,100	100,300,400,100	R	6	388	140	388	140	388	140
grid-trapezoid	grid	100,300,400,100	160,300,340,300,100,100,400,100	100,300,400,100	R	7	323.6	140	323.6	140	323.6	140
grid-trapezoid	grid	100,300,400,100	160,300,340,300,100,100,400,100	100,300,400,100	R	8	259.2	140	259.2	140	259.2	140
grid-trapezoid	grid	100,300,400,100	160,300,340,300,100,100,400,100	100,300,400,100	R	9	213.2	140	213.2	140	213.2	140
grid-trapezoid	grid	100,300,400,100	160,300,340,300,100,100,400,100	100,300,400,100	R	10	158	140	158	140	158	140
grid-trapezoid	grid	100,300,400,100	160,300,340,300,100,100,400,100	100,300,400,100	R	11	112	140	112	140	112	140
grid-trapezoid	grid	100,300,400,100	160,300,340,300,100,100,400,100	100,300,400,100	R	12	127	190	127	190	127	190
grid-trapezoid	grid	100,300,400,100	160,300,340,300,100,100,400,100	100,300,400,100	R	13	168	190	168	190	168	190
grid-trapezoid	grid	100,300,400,100	160,300,340,300,100,100,400,100	100,300,400,100	R	14	217.2	190	217.2	190	217.2	190
grid-trapezoid	grid	100,300,400,100	160,300,340,300,100,100,400,100	100,300,400,100	R	15	258.2	190	258.2	190	258.2	190
grid-trapezoid	grid	100,300,400,100	160,300,340,300,100,100,400,100	100,300,400,100	R	16	315.6	190	315.6	190	315.6	190
grid-trapezoid	grid	100,300,400,100	160,300,340,300,100,100,400,100	100,300,400,100	R	17	373	190	373	190	373	190
grid-trapezoid	grid	100,300,400,100	160,300,340,300,100,100,400,100	100,300,400,100	R	18	355	250	355	250	355	250
grid-trapezoid	grid	100,300,400,100	160,300,340,300,100,100,400,100	100,300,400,100	R	19	306	250	306	250	306	250
grid-trapezoid	grid	100,300,400,100	160,300,340,300,100,100,400,100	100,300,400,100	R	20	257	250	257	250	257	250
grid-trapezoid	grid	100,300,400,100	160,300,340,300,100,100,400,100	100,300,400,100	R	21	222	250	222	250	222	250
grid-trapezoid	grid	100,300,400,100	160,300,340,300,100,100,400,100	100,300,400,100	R	22	180	250	180	250	180	250
grid-trapezoid	grid	100,300,400,100	160,300,340,300,100,100,400,100	100,300,400,100	R	23	145	250	145	250	145	250
grid-trapezoid	grid	100,300,400,100	160,300,340,300,100,100,400,100	100,300,400,100	R	24	160	300	160	300	160	300
grid-trapezoid	grid	100,300,400,100	160,300,340,300,100,100,400,100	100,300,400,100	R	25	190	300	190	300	190	300
grid-trapezoid	grid	100,300,400,100	160,300,340,300,100,100,400,100	100,300,400,100	R	26	226	300	226	300	226	300
grid-trapezoid	grid	100,300,400,100	160,300,340,300,100,100,400,100	100,300,400,100	R	27	256	300	256	300	256	300
grid-trapezoid	grid	100,300,400,100	160,300,340,300,100,100,400,100	100,300,400,100	R	28	298	300	298	300	298	300
grid-trapezoid	grid	100,300,400,100	160,300,340,300,100,100,400,100	100,300,400,100	R	29	340	300	340	300	340	300
grid-bow-tie	grid	100,300,400,100	400,300,100,300,100,100,400,100	100,300,400,100	S	0	100	100	100	100	100	100
grid-bow-tie	grid	100,300,400,100	400,300,100,300,100,100,400,100	100,300,400,100	S	1	150	100	150	100	150	100
grid-bow-tie	grid	100,300,400,100	400,300,100,300,100,100,400,100	100,300,400,100	S	2	210	100	210	100	210	100
grid-bow-tie	grid	100,300,400,100	400,300,100,300,100,100,400,100	100,300,400,100	S	3	260	100	260	100	260	100
grid-bow-tie	grid	100,300,400,100	400,300,100,300,100,100,400,100	100,300,400,100	S	4	330	100	330	100	330	100
grid-bow-tie	grid	100,300,400,100	400,300,100,300,100,100,400,100	100,300,400,100	S	5	400	100	400	100	400	100
grid-bow-tie	grid	100,300,400,100	400,300,100,300,100,100,400,100	100,300,400,100	S	6	400	140	400	140	400	140
grid-bow-tie	grid	100,300,400,100	400,300,100,300,100,100,400,100	100,300,400,100	S	7	330	140	330	140	330	140
grid-bow-tie	grid	100,300,400,100	400,300,100,300,100,100,400,100	100,300,400,100	S	8	260	140	260	140	260	140
grid-bow-tie	grid	100,300,400,100	400,300,100,300,100,100,400,100	100,300,400,100	S	9	210	140	210	140	210	140
grid-bow-tie	grid	100,300,400,100	400,300,100,300,100,100,400,100	100,300,400,100	S	10	150	140	150	140	150	140
grid-bow-tie	grid	100,300,400,100	400,300,100,300,100,100,400,100	100,300,400,100	S	11	100	140	100	140	100	140
grid-bow-tie	grid	100,300,400,100	400,300,100,300,100,100,400,100	100,300,400,100	S	12	100	190	100	190	100	190
grid-bow-tie	grid	100,300,400,100	400,300,100,300,100,100,400,100	100,300,400,100	S	13	150	190	150	190	150	190
grid-bow-tie	grid	100,300,400,100	400,300,100,300,100,100,400,100	100,300,400,100	S	14	210	190	210	190	210	190
grid-bow-tie	grid	100,300,400,100	400,300,100,300,100,100,400,100	100,300,400,100	S	15	260	190	260	190	260	190
grid-bow-tie	grid	100,300,400,100	400,300,100,300,100,100,400,100	100,300,400,100	S	16	330	190	330	190	330	190
grid-bow-tie	grid	100,300,400,100	400,300,100,300,100,100,400,100	100,300,400,100	S	17	400	190	400	190	400	190
grid-bow-tie	grid	100,300,400,100	400,300,100,300,100,100,400,100	100,300,400,100	S	18	400	250	400	250	400	250
grid-bow-tie	grid	100,300,400,100	400,300,100,300,100,100,400,100	100,300,400,100	S	19	330	250	330	250	330	250
grid-bow-tie	grid	100,300,400,100	400,300,100,300,100,100,400,100	100,300,400,100	S	20	260	250	260	250	260	250
grid-bow-tie	grid	100,300,400,100	400,300,100,300,100,100,400,100	100,300,400,100	S	21	210	250	210	250	210	250
grid-bow-tie	grid	100,300,400,100	400,300,100,300,100,100,400,100	100,300,400,100	S	22	150	250	150	250	150	250
grid-bow-tie	grid	100,300,400,100	400,300,100,300,100,100,400,100	100,300,400,100	S	23	100	250	100	250	100	250
grid-bow-tie	grid	100,300,400,100	400,300,100,300,100,100,400,100	100,300,400,100	S	24	100	300	100	300	100	300
grid-bow-tie	grid	100,300,400,100	400,300,100,300,100,100,400,100	100,300,400,100	S	25	150	300	150	300	150	300
grid-bow-tie	grid	100,300,400,100	400,300,100,300,100,100,400,100	100,300,400,100	S	26	210	300	210	300	210	300
grid-bow-tie	grid	100,300,400,100	400,300,100,300,100,100,400,100	100,300,400,100	S	27	260	300	260	300	260	300
grid-bow-tie	grid	100,300,400,100	400,300,100,300,100,100,400,100	100,300,400,100	S	28	330	300	330	300	330	300
grid-bow-tie	grid	100,300,400,100	400,300,100,300,100,100,400,100	100,300,400,100	S	29	400	300	400	300	400	300
grid-bow-tie	grid	100,300,400,100	400,300,100,300,100,100,400,100	100,300,400,100	R	0	100	100	100	100	100	100
grid-bow-tie	grid	100,300,400,100	400,300,100,300,100,100,400,100	100,300,400,100	R	1	150	100	150	100	150	100
grid-bow-tie	grid	100,300,400,100	400,300,100,300,100,100,400,100	100,300,400,100	R	2	210	100	210	100	210	100
grid-bow-tie	grid	100,300,400,100	400,300,100,300,100,100,400,100	100,300,400,100	R	3	260	100	260	100	260	100
grid-bow-tie	grid	100,300,400,100	400,300,100,300,100,100,400,100	100,300,400,100	R	4	330	100	330	100	330	100
grid-bow-tie	grid	100,300,400,100	400,300,100,300,100,100,400,100	100,300,400,100	R	5	400	100	400	100	400	100
grid-bow-tie	grid	100,300,400,100	400,300,100,300,100,100,400,100	100,300,400,100	R	6	340	140	340	140	340	140
grid-bow-tie	grid	100,300,400,100	400,300,100,300,100,100,400,100	100,300,400,100	R	7	298	140	298	140	298	140
grid-bow-tie	grid	100,300,400,100	400,300,100,300,100,100,400,100	100,300,400,100	R	8	256	140	256	140	256	140
grid-bow-tie	grid	100,300,400,100	400,300,100,300,100,100,400,100	100,300,400,100	R	9	226	140	226	140	226	140
grid-bow-tie	grid	100,300,400,100	400,300,100,300,100,100,400,100	100,300,400,100	R	10	190	140	190	140	190	140
grid-bow-tie	grid	100,300,400,100	400,300,100,300,100,100,400,100	100,300,400,100	R	11	160	140	160	140	160	140
grid-bow-tie	grid	100,300,400,100	400,300,100,300,100,100,400,100	100,300,400,100	R	12	235	190	235	190	235	190
grid-bow-tie	grid	100,300,400,100	400,300,100,300,100,100,400,100	100,300,400,100	R	13	240	190	240	190	240	190
grid-bow-tie	grid	100,300,400,100	400,300,100,300,100,100,400,100	100,300,400,100	R	14	246	190	246	190	246	190
grid-bow-tie	grid	100,300,400,100	400,300,100,300,100,100,400,100	100,300,400,100	R	15	251	190	251	190	251	190
grid-bow-tie	grid	100,300,400,100	400,300,100,300,100,100,400,100	100,300,400,100	R	16	258	190	258	190	258	190
grid-bow-tie	grid	100,300,400,100	400,300,100,300,100,100,400,100	100,300,400,100	R	17	265	190	265	190	265	190
grid-bow-tie	grid	100,300,400,100	400,300,100,300,100,100,400,100	100,300,400,100	R	18	175	250	175	250	175	250
grid-bow-tie	grid	100,300,400,100	400,300,100,300,100,100,400,100	100,300,400,100	R	19	210	250	210	250	210	250
grid-bow-tie	grid	100,300,400,100	400,300,100,300,100,100,400,100	100,300,400,100	R	20	245	250	245	250	245	250
grid-bow-tie	grid	100,300,400,100	400,300,100,300,100,100,400,100	100,300,400,100	R	21	270	250	270	250	270	250
grid-bow-tie	grid	100,300,400,100	400,300,100,300,100,100,400,100	100,300,400,100	R	22	300	250	300	250	300	250
grid-bow-tie	grid	100,300,400,100	400,300,100,300,100,100,400,100	100,300,400,100	R	23	325	250	325	250	325	250
grid-bow-tie	grid	100,300,400,100	400,300,100,300,100,100,400,100	100,300,400,100	R	24	400	300	400	300	400	300
grid-bow-tie	grid	100,300,400,100	400,300,100,300,100,100,400,100	100,300,400,100	R	25	350	300	350	300	350	300
grid-bow-tie	grid	100,300,400,100	400,300,100,300,100,100,400,100	100,300,400,100	R	26	290	300	290	300	290	300
grid-bow-tie	grid	100,300,400,100	400,300,100,300,100,100,400,100	100,300,400,100	R	27	240	300	240	300	240	300
grid-bow-tie	grid	100,300,400,100	400,300,100,300,100,100,400,100	100,300,400,100	R	28	170	300	170	300	170	300
grid-bow-tie	grid	100,300,400,100	400,300,100,300,100,100,400,100	100,300,400,100	R	29	100	300	100	300	100	300
curves-source-is-bounds	curves	98.0618520421503,300,406.170447970364,94.0192378864667	130,350,450,290,70,80,370,130	98.0618520422,300,406.17044797,94.0192378865	S	0	100	200	90	150	110	250
curves-source-is-bounds	curves	98.0618520421503,300,406.170447970364,94.0192378864667	130,350,450,290,70,80,370,130	98.0618520422,300,406.17044797,94.0192378865	S	1	220	300	150	300	290	300
curves-source-is-bounds	curves	98.0618520421503,300,406.170447970364,94.0192378864667	130,350,450,290,70,80,370,130	98.0618520422,300,406.17044797,94.0192378865	S	2	400	260	380	300	420	220
curves-source-is-bounds	curves	98.0618520421503,300,406.170447970364,94.0192378864667	130,350,450,290,70,80,370,130	98.0618520422,300,406.17044797,94.0192378865	S	3	330	100	390	110	270	90
curves-source-is-bounds	curves	98.0618520421503,300,406.170447970364,94.0192378864667	130,350,450,290,70,80,370,130	98.0618520422,300,406.17044797,94.0192378865	S	4	160	120	230	90	120	140
curves-source-is-bounds	curves	98.0618520421503,300,406.170447970364,94.0192378864667	130,350,450,290,70,80,370,130	98.0618520422,300,406.17044797,94.0192378865	R	0	102.822938372	218.878299597	78.314689483	152.85364785	127.64632435	283.16969735
curves-source-is-bounds	curves	98.0618520421503,300,406.170447970364,94.0192378864667	130,350,450,290,70,80,370,130	98.0618520422,300,406.17044797,94.0192378865	R	1	256.644332103	326.254187731	183.942692824	339.885745096	329.345971382	312.622630366
curves-source-is-bounds	curves	98.0618520421503,300,406.170447970364,94.0192378864667	130,350,450,290,70,80,370,130	98.0618520422,300,406.17044797,94.0192378865	R	2	428.133754614	259.702950702	422.819507598	295.096342325	432.943782285	227.082765468
curves-source-is-bounds	curves	98.0618520421503,300,406.170447970364,94.0192378864667	130,350,450,290,70,80,370,130	98.0618520422,300,406.17044797,94.0192378865	R	3	298.013434905	123.074308359	360.38037941	140.237154896	236.024654908	103.83155703
curves-source-is-bounds	curves	98.0618520421503,300,406.170447970364,94.0192378864667	130,350,450,290,70,80,370,130	98.0618520422,300,406.17044797,94.0192378865	R	4	138.383138924	121.317832954	197.128012589	97.061684833	105.072389355	142.083418389
curves-source-not-bounds	curves	120,280,380,110	130,350,450,290,70,80,370,130	98.0618520422,300,406.17044797,94.0192378865	S	0	100	200	90	150	110	250
curves-source-not-bounds	curves	120,280,380,110	130,350,450,290,70,80,370,130	98.0618520422,300,406.17044797,94.0192378865	S	1	220	300	150	300	290	300
curves-source-not-bounds	curves	120,280,380,110	130,350,450,290,70,80,370,130	98.0618520422,300,406.17044797,94.0192378865	S	2	400	260	380	300	420	220
curves-source-not-bounds	curves	120,280,380,110	130,350,450,290,70,80,370,130	98.0618520422,300,406.17044797,94.0192378865	S	3	330	100	390	110	270	90
curves-source-not-bounds	curves	120,280,380,110	130,350,450,290,70,80,370,130	98.0618520422,300,406.17044797,94.0192378865	S	4	160	120	230	90	120	140
curves-source-not-bounds	curves	120,280,380,110	130,350,450,290,70,80,370,130	98.0618520422,300,406.17044797,94.0192378865	R	0	77.706466117	225.941797467	48.66338091	145.942926378	107.122999194	303.840568681
curves-source-not-bounds	curves	120,280,380,110	130,350,450,290,70,80,370,130	98.0618520422,300,406.17044797,94.0192378865	R	1	259.989903218	356.043957881	173.836057064	372.56065538	346.143749372	339.527260382
curves-source-not-bounds	curves	120,280,380,110	130,350,450,290,70,80,370,130	98.0618520422,300,406.17044797,94.0192378865	R	2	463.21053855	275.407048923	456.912980141	318.291506455	468.910580367	235.882751189
curves-source-not-bounds	curves	120,280,380,110	130,350,450,290,70,80,370,130	98.0618520422,300,406.17044797,94.0192378865	R	3	309.013657754	109.860743769	382.920548921	130.656133237	235.55490403	86.545234451
curves-source-not-bounds	curves	120,280,380,110	130,350,450,290,70,80,370,130	98.0618520422,300,406.17044797,94.0192378865	R	4	119.846479437	107.732507636	189.461096909	78.342508365	80.372139902	132.893161245
curves-source-far-away	curves	1000,900,1260,730	1010,970,1330,910,950,700,1250,750	98.0618520422,300,406.17044797,94.0192378865	S	0	100	200	90	150	110	250
curves-source-far-away	curves	1000,900,1260,730	1010,970,1330,910,950,700,1250,750	98.0618520422,300,406.17044797,94.0192378865	S	1	220	300	150	300	290	300
curves-source-far-away	curves	1000,900,1260,730	1010,970,1330,910,950,700,1250,750	98.0618520422,300,406.17044797,94.0192378865	S	2	400	260	380	300	420	220
curves-source-far-away	curves	1000,900,1260,730	1010,970,1330,910,950,700,1250,750	98.0618520422,300,406.17044797,94.0192378865	S	3	330	100	390	110	270	90
curves-source-far-away	curves	1000,900,1260,730	1010,970,1330,910,950,700,1250,750	98.0618520422,300,406.17044797,94.0192378865	S	4	160	120	230	90	120	140
curves-source-far-away	curves	1000,900,1260,730	1010,970,1330,910,950,700,1250,750	98.0618520422,300,406.17044797,94.0192378865	R	0	77.706466117	225.941797467	48.66338091	145.942926378	107.122999194	303.840568681
curves-source-far-away	curves	1000,900,1260,730	1010,970,1330,910,950,700,1250,750	98.0618520422,300,406.17044797,94.0192378865	R	1	259.989903218	356.043957881	173.836057064	372.56065538	346.143749372	339.527260382
curves-source-far-away	curves	1000,900,1260,730	1010,970,1330,910,950,700,1250,750	98.0618520422,300,406.17044797,94.0192378865	R	2	463.21053855	275.407048923	456.912980141	318.291506455	468.910580367	235.882751189
curves-source-far-away	curves	1000,900,1260,730	1010,970,1330,910,950,700,1250,750	98.0618520422,300,406.17044797,94.0192378865	R	3	309.013657754	109.860743769	382.920548921	130.656133237	235.55490403	86.545234451
curves-source-far-away	curves	1000,900,1260,730	1010,970,1330,910,950,700,1250,750	98.0618520422,300,406.17044797,94.0192378865	R	4	119.846479437	107.732507636	189.461096909	78.342508365	80.372139902	132.893161245
