case	kind	index	ah	av	lh	lv	rh	rv
move	S	0	150	120	150	120	150	120
move	S	1	350	140	350	140	350	140
move	S	2	390	280	390	280	390	280
move	S	3	230	350	230	350	230	350
move	S	4	140	260	140	260	140	260
move	R	0	131.6	111.2	131.6	111.2	131.6	111.2
move	R	1	366.347826087	153.426086957	366.347826087	153.426086957	366.347826087	153.426086957
move	R	2	430.869565217	279.130434783	430.869565217	279.130434783	430.869565217	279.130434783
move	R	3	260.8	359.2	260.8	359.2	260.8	359.2
move	R	4	144.347826087	268.260869565	144.347826087	268.260869565	144.347826087	268.260869565
scale-uniform-effects-scaled	S	0	42.5	42.5	42.5	42.5	42.5	42.5
scale-uniform-effects-scaled	S	1	342.5	72.5	342.5	72.5	342.5	72.5
scale-uniform-effects-scaled	S	2	402.5	282.5	402.5	282.5	402.5	282.5
scale-uniform-effects-scaled	S	3	162.5	387.5	162.5	387.5	162.5	387.5
scale-uniform-effects-scaled	S	4	27.5	252.5	27.5	252.5	27.5	252.5
scale-uniform-effects-scaled	R	0	14.9	29.3	14.9	29.3	14.9	29.3
scale-uniform-effects-scaled	R	1	367.02173913	92.639130435	367.02173913	92.639130435	367.02173913	92.639130435
scale-uniform-effects-scaled	R	2	463.804347826	281.195652174	463.804347826	281.195652174	463.804347826	281.195652174
scale-uniform-effects-scaled	R	3	208.7	401.3	208.7	401.3	208.7	401.3
scale-uniform-effects-scaled	R	4	34.02173913	264.891304348	34.02173913	264.891304348	34.02173913	264.891304348
scale-non-uniform	S	0	42.5	146	42.5	146	42.5	146
scale-non-uniform	S	1	342.5	158	342.5	158	342.5	158
scale-non-uniform	S	2	402.5	242	402.5	242	402.5	242
scale-non-uniform	S	3	162.5	284	162.5	284	162.5	284
scale-non-uniform	S	4	27.5	230	27.5	230	27.5	230
scale-non-uniform	R	0	14.9	140.72	14.9	140.72	14.9	140.72
scale-non-uniform	R	1	367.02173913	166.055652174	367.02173913	166.055652174	367.02173913	166.055652174
scale-non-uniform	R	2	463.804347826	241.47826087	463.804347826	241.47826087	463.804347826	241.47826087
scale-non-uniform	R	3	208.7	289.52	208.7	289.52	208.7	289.52
scale-non-uniform	R	4	34.02173913	234.956521739	34.02173913	234.956521739	34.02173913	234.956521739
scale-non-uniform-effects-scaled	S	0	42.5	146	42.5	146	42.5	146
scale-non-uniform-effects-scaled	S	1	342.5	158	342.5	158	342.5	158
scale-non-uniform-effects-scaled	S	2	402.5	242	402.5	242	402.5	242
scale-non-uniform-effects-scaled	S	3	162.5	284	162.5	284	162.5	284
scale-non-uniform-effects-scaled	S	4	27.5	230	27.5	230	27.5	230
scale-non-uniform-effects-scaled	R	0	14.9	140.72	14.9	140.72	14.9	140.72
scale-non-uniform-effects-scaled	R	1	367.02173913	166.055652174	367.02173913	166.055652174	367.02173913	166.055652174
scale-non-uniform-effects-scaled	R	2	463.804347826	241.47826087	463.804347826	241.47826087	463.804347826	241.47826087
scale-non-uniform-effects-scaled	R	3	208.7	289.52	208.7	289.52	208.7	289.52
scale-non-uniform-effects-scaled	R	4	34.02173913	234.956521739	34.02173913	234.956521739	34.02173913	234.956521739
rotate-30	S	0	172.907080854	57.907077951	172.907080854	57.907077951	172.907080854	57.907077951
rotate-30	S	1	336.112159901	175.227588405	336.112159901	175.227588405	336.112159901	175.227588405
rotate-30	S	2	300.753173995	316.47114442	300.753173995	316.47114442	300.753173995	316.47114442
rotate-30	S	3	127.189109671	297.092920156	127.189109671	297.092920156	127.189109671	297.092920156
rotate-30	S	4	94.246825122	174.150633335	94.246825122	174.150633335	94.246825122	174.150633335
rotate-30	R	0	166.143494988	57.633562881	166.143494988	57.633562881	166.143494988	57.633562881
rotate-30	R	1	368.630624741	182.408744995	368.630624741	182.408744995	368.630624741	182.408744995
rotate-30	R	2	344.883162642	310.159692136	344.883162642	310.159692136	344.883162642	310.159692136
rotate-30	R	3	147.689889094	313.144200652	147.689889094	313.144200652	147.689889094	313.144200652
rotate-30	R	4	92.29539801	178.070920278	92.29539801	178.070920278	92.29539801	178.070920278
rotate-90	S	0	330.000005027	100.000005027	330.000005027	100.000005027	330.000005027	100.000005027
rotate-90	S	1	309.999996285	300.000004153	309.999996285	300.000004153	309.999996285	300.000004153
rotate-90	S	2	169.999994536	339.999998033	169.999994536	339.999998033	169.999994536	339.999998033
rotate-90	S	3	100.00000153	179.999994973	100.00000153	179.999994973	100.00000153	179.999994973
rotate-90	S	4	190.000005464	89.999998907	190.000005464	89.999998907	190.000005464	89.999998907
rotate-90	R	0	349.504006003	120.434786761	349.504006003	120.434786761	349.504006003	120.434786761
rotate-90	R	1	349.055996491	296.275996773	349.055996491	296.275996773	349.055996491	296.275996773
rotate-90	R	2	196.799993977	351.814743936	196.799993977	351.814743936	196.799993977	351.814743936
rotate-90	R	3	94.848000919	180.869559715	94.848000919	180.869559715	94.848000919	180.869559715
rotate-90	R	4	186.000005814	91.890358433	186.000005814	91.890358433	186.000005814	91.890358433
reflect	S	0	330	100	330	100	330	100
reflect	S	1	130	120	130	120	130	120
reflect	S	2	90	260	90	260	90	260
reflect	S	3	250	330	250	330	250	330
reflect	S	4	340	240	340	240	340	240
reflect	R	0	348.4	118.8	348.4	118.8	348.4	118.8
reflect	R	1	119.739130435	116.573913043	119.739130435	116.573913043	119.739130435	116.573913043
reflect	R	2	97.826086957	270.869565217	97.826086957	270.869565217	97.826086957	270.869565217
reflect	R	3	289.2	330.8	289.2	330.8	289.2	330.8
reflect	R	4	378.260869565	241.739130435	378.260869565	241.739130435	378.260869565	241.739130435
shear-20	S	0	58.143423059	100	58.143423059	100	58.143423059	100
shear-20	S	1	265.422827745	120	265.422827745	120	265.422827745	120
shear-20	S	2	356.378660542	260	356.378660542	260	356.378660542	260
shear-20	S	3	221.856576941	330	221.856576941	330	221.856576941	330
shear-20	S	4	99.099255857	240	99.099255857	240	99.099255857	240
shear-20	R	0	34.284604061	90	34.284604061	90	34.284604061	90
shear-20	R	1	278.157101479	129.833100187	278.157101479	129.833100187	278.157101479	129.833100187
shear-20	R	2	405.133638496	259.130434783	405.133638496	259.130434783	405.133638496	259.130434783
shear-20	R	3	265.360974405	333.531809796	265.360974405	333.531809796	265.360974405	333.531809796
shear-20	R	4	109.841703392	247.365256895	109.841703392	247.365256895	109.841703392	247.365256895
reshape-anchor-out	S	0	100	100	100	100	100	100
reshape-anchor-out	S	1	300	120	300	120	300	120
reshape-anchor-out	S	2	440	260	440	260	440	260
reshape-anchor-out	S	3	180	330	180	330	180	330
reshape-anchor-out	S	4	90	240	90	240	90	240
reshape-anchor-out	R	0	73.6	90.857142857	73.6	90.857142857	73.6	90.857142857
reshape-anchor-out	R	1	309.739130435	127.47826087	309.739130435	127.47826087	309.739130435	127.47826087
reshape-anchor-out	R	2	497.217391304	259.130434783	497.217391304	259.130434783	497.217391304	259.130434783
reshape-anchor-out	R	3	218.8	342.285714286	218.8	342.285714286	218.8	342.285714286
reshape-anchor-out	R	4	96.086956522	248.260869565	96.086956522	248.260869565	96.086956522	248.260869565
reshape-anchor-in	S	0	100	100	100	100	100	100
reshape-anchor-in	S	1	300	120	300	120	300	120
reshape-anchor-in	S	2	300	200	300	200	300	200
reshape-anchor-in	S	3	180	330	180	330	180	330
reshape-anchor-in	S	4	90	240	90	240	90	240
reshape-anchor-in	R	0	84.8	91.428571429	84.8	91.428571429	84.8	91.428571429
reshape-anchor-in	R	1	318.991304348	137.391304348	318.991304348	137.391304348	318.991304348	137.391304348
reshape-anchor-in	R	2	327.756521739	206.956521739	327.756521739	206.956521739	327.756521739	206.956521739
reshape-anchor-in	R	3	207.6	337.142857143	207.6	337.142857143	207.6	337.142857143
reshape-anchor-in	R	4	93.652173913	248.260869565	93.652173913	248.260869565	93.652173913	248.260869565
add-anchor	S	0	100	100	100	100	100	100
add-anchor	S	1	300	120	300	120	300	120
add-anchor	S	2	340	260	340	260	340	260
add-anchor	S	3	180	330	180	330	180	330
add-anchor	S	4	90	240	90	240	90	240
add-anchor	S	5	60	60	60	60	60	60
add-anchor	R	0	90.4	97.01863354	90.4	97.01863354	90.4	97.01863354
add-anchor	R	1	323.822222222	132.857142857	323.822222222	132.857142857	323.822222222	132.857142857
add-anchor	R	2	387.288888889	257.391304348	387.288888889	257.391304348	387.288888889	257.391304348
add-anchor	R	3	216.8	338.385093168	216.8	338.385093168	216.8	338.385093168
add-anchor	R	4	101.466666667	250.48136646	101.466666667	250.48136646	101.466666667	250.48136646
add-anchor	R	5	37.6	48.260869565	37.6	48.260869565	37.6	48.260869565
remove-anchor	S	0	100	100	100	100	100	100
remove-anchor	S	1	300	120	300	120	300	120
remove-anchor	S	2	340	260	340	260	340	260
remove-anchor	S	3	90	240	90	240	90	240
remove-anchor	R	0	81.6	93.87826087	81.6	93.87826087	81.6	93.87826087
remove-anchor	R	1	317.55	128.8	317.55	128.8	317.55	128.8
remove-anchor	R	2	390	253.043478261	390	253.043478261	390	253.043478261
remove-anchor	R	3	105	251.304347826	105	251.304347826	105	251.304347826
curve-handle	S	0	100	100	100	100	100	100
curve-handle	S	1	300	120	300	120	420	40
curve-handle	S	2	340	260	340	260	340	260
curve-handle	S	3	180	330	180	330	180	330
curve-handle	S	4	90	240	90	240	90	240
curve-handle	R	0	79.510204082	91.086474501	79.510204082	91.086474501	79.510204082	91.086474501
curve-handle	R	1	314.621472937	131.456666345	314.621472937	131.456666345	442.628571429	76.733828208
curve-handle	R	2	381.687311446	260.241010315	381.687311446	260.241010315	381.687311446	260.241010315
curve-handle	R	3	212.889795918	340.22172949	212.889795918	340.22172949	212.889795918	340.22172949
curve-handle	R	4	94.802129547	248.260869565	94.802129547	248.260869565	94.802129547	248.260869565
